Algorithm,Log Source,Log,P-Value,Min Adaptive Window,Max Adaptive Window,ADWIN Step Size,Detected Changepoints,Actual Changepoints for Log,F1-Score,Average Lag,Duration,Duration (Seconds),Seconds per Case
Martjushev ADWIN J,Ceravolo,sudden_trace_noise15_1000_cb,0.4,200,500,20,[459],[499],1.0,40.0,00:00:04,4.967514300020412,0.004967514300020411
Martjushev ADWIN J,Ostovar,Composite_RIO_output_RIO_2,0.4,200,500,10,"[919, 1950]","[999, 1999]",1.0,64.5,00:08:18,498.5386397000111,0.16623495821941017
Martjushev ADWIN J,Ceravolo,sudden_trace_noise0_1000_IRO,0.4,200,500,50,[399],[499],1.0,100.0,00:00:04,4.49921720000566,0.004499217200005659
Martjushev ADWIN J,Ostovar,Nested_ROI_output_ROI,0.4,200,500,20,"[994, 1910]","[999, 1999]",1.0,47.0,00:04:49,289.9903531000018,0.09669568292764315
Martjushev ADWIN J,Ceravolo,sudden_trace_noise5_1000_RIO,0.4,200,500,10,[],[499],,,00:00:09,9.063989200018113,0.009063989200018113
Martjushev ADWIN J,Ostovar,Composite_IOR_output_IOR_2,0.4,200,500,50,"[899, 1750]","[999, 1999]",0.5,100.0,00:04:12,252.43674149998697,0.08417363837945548
Martjushev ADWIN J,Ostovar,Atomic_Skip_output_Skip_5,0.4,200,500,20,"[829, 1910]","[999, 1999]",1.0,129.5,00:05:50,350.36969680001494,0.11682884188063186
Martjushev ADWIN J,Ceravolo,sudden_trace_noise15_1000_cp,0.4,200,500,10,[449],[499],1.0,50.0,00:00:06,6.032838499988429,0.00603283849998843
Martjushev ADWIN J,Ceravolo,sudden_trace_noise0_1000_cd,0.4,200,500,20,[],[499],,,00:00:06,6.029852900013793,0.006029852900013793
Martjushev ADWIN J,Ceravolo,sudden_trace_noise10_1000_lp,0.4,200,500,50,[399],[499],1.0,100.0,00:00:04,4.9245172000082675,0.0049245172000082675
Martjushev ADWIN J,Ostovar,Composite_RIO_output_RIO_2,0.4,200,500,50,"[949, 1975]","[999, 1999]",1.0,37.0,00:05:56,356.55025000000023,0.118889713237746
Martjushev ADWIN J,Ostovar,Atomic_SerialRemoval_output_SerialRemoval_2,0.4,200,500,20,[909],"[999, 1999]",0.6666666666666666,90.0,00:05:46,346.5147486999922,0.11554343071023414
Martjushev ADWIN J,Ostovar,Atomic_Loop_output_Loop_5,0.4,200,500,50,"[949, 1900]","[999, 1999]",1.0,74.5,00:04:49,289.1472589999903,0.09641455785261431
Martjushev ADWIN J,Ceravolo,sudden_trace_noise5_1000_IOR,0.4,200,500,50,[],[499],,,00:00:05,5.132641000003787,0.005132641000003787
Martjushev ADWIN J,Ceravolo,sudden_trace_noise20_1000_cf,0.4,200,500,50,[349],[499],1.0,150.0,00:00:04,4.298648500000127,0.004298648500000127
Martjushev ADWIN J,Ostovar,Composite_RIO_output_RIO_2,0.4,200,500,20,"[934, 1955]","[999, 1999]",1.0,54.5,00:06:49,409.69644689999404,0.1366110193064335
Martjushev ADWIN J,Ceravolo,sudden_trace_noise0_1000_cp,0.4,200,500,20,[279],[499],,,00:00:05,5.360837799991714,0.005360837799991714
Martjushev ADWIN J,Ostovar,Atomic_ParallelMove_output_ParallelMove_2,0.4,200,500,10,[],"[999, 1999]",,,00:09:55,595.1837615999975,0.19846074078025927
Martjushev ADWIN J,Ostovar,Nested_ORI_output_ORI,0.4,200,500,50,"[949, 1912]","[999, 1999]",1.0,68.5,00:05:45,345.97912010000437,0.11536482830943794
Martjushev ADWIN J,Ceravolo,sudden_trace_noise5_1000_cb,0.4,200,500,10,[419],[499],1.0,80.0,00:00:08,8.187344599980861,0.008187344599980861
Martjushev ADWIN J,Ostovar,Composite_IOR_output_IOR_5,0.4,200,500,10,"[919, 1955]","[999, 1999]",1.0,62.0,00:06:11,371.55318499999703,0.12389235911970557
Martjushev ADWIN J,Ostovar,Nested_IRO_output_IRO_2,0.4,200,500,20,"[934, 1955]","[999, 1999]",1.0,54.5,00:10:23,623.5591722000099,0.20792236485495497
Martjushev ADWIN J,Ostovar,Atomic_Substitute_output_Substitute,0.4,200,500,10,"[949, 1850]","[999, 1999]",1.0,99.5,00:06:28,388.3816480000096,0.12950371723908288
Martjushev ADWIN J,Ostovar,Atomic_Frequency_output_Frequency,0.4,200,500,50,[499],"[999, 1999]",,,00:01:45,105.72796139999991,0.03525440526842278
Martjushev ADWIN J,Ceravolo,sudden_trace_noise5_1000_OIR,0.4,200,500,50,[449],[499],1.0,50.0,00:00:06,6.900821499992162,0.006900821499992162
Martjushev ADWIN J,Ostovar,Atomic_ConditionalToSequence_output_ConditionalToSequence,0.4,200,500,20,"[934, 1955]","[999, 1999]",1.0,54.5,00:05:01,301.4541522000218,0.10051822347449876
Martjushev ADWIN J,Ceravolo,sudden_trace_noise0_1000_OIR,0.4,200,500,10,[434],[499],1.0,65.0,00:00:07,7.62682340000174,0.00762682340000174
Martjushev ADWIN J,Ceravolo,sudden_trace_noise15_1000_re,0.4,200,500,20,[449],[499],1.0,50.0,00:00:05,5.244813800003612,0.005244813800003612
Martjushev ADWIN J,Ceravolo,sudden_trace_noise0_1000_cp,0.4,200,500,50,[449],[499],1.0,50.0,00:00:05,5.194057299988344,0.005194057299988344
Martjushev ADWIN J,Ostovar,Composite_IRO_output_IRO,0.4,200,500,20,"[937, 1946]","[999, 1999]",1.0,57.5,00:06:00,360.850597200013,0.1203236402800977
Martjushev ADWIN J,Ostovar,Atomic_ConditionalToSequence_output_ConditionalToSequence_5,0.4,200,500,20,"[934, 1985]","[999, 1999]",1.0,39.5,00:05:58,358.9369245999842,0.11968553671223214
Martjushev ADWIN J,Ostovar,Atomic_ParallelRemoval_output_ParallelRemoval_5,0.4,200,500,10,[1959],"[999, 1999]",0.6666666666666666,40.0,00:07:12,432.21438099999796,0.14411950016672156
Martjushev ADWIN J,Ostovar,Composite_ORI_output_ORI,0.4,200,500,10,"[779, 1900]","[999, 1999]",0.5,99.0,00:07:14,434.5975571000017,0.1449141570856958
Martjushev ADWIN J,Ceravolo,sudden_trace_noise20_1000_cd,0.4,200,500,10,[],[499],,,00:00:08,8.751426799979527,0.008751426799979527
Martjushev ADWIN J,Ceravolo,sudden_trace_noise15_1000_ROI,0.4,200,500,20,[379],[499],1.0,120.0,00:00:06,6.463273200002732,0.006463273200002732
Martjushev ADWIN J,Ostovar,Nested_ORI_output_ORI_2,0.4,200,500,20,"[904, 1945]","[999, 1999]",1.0,74.5,00:07:34,454.30391200000304,0.15148513237746017
Martjushev ADWIN J,Ostovar,Atomic_ConditionalToSequence_output_ConditionalToSequence,0.4,200,500,10,"[919, 1935]","[999, 1999]",1.0,72.0,00:06:02,362.3226258000068,0.12081448009336672
Martjushev ADWIN J,Ceravolo,sudden_trace_noise10_1000_cd,0.4,200,500,50,[],[499],,,00:00:04,4.705892900004983,0.004705892900004983
Martjushev ADWIN J,Ostovar,Atomic_ParallelRemoval_output_ParallelRemoval_5,0.4,200,500,20,[2001],"[999, 1999]",0.6666666666666666,2.0,00:05:40,340.23101690001204,0.11344815501834346
Martjushev ADWIN J,Ceravolo,sudden_trace_noise15_1000_OIR,0.4,200,500,20,[449],[499],1.0,50.0,00:00:06,6.854324799991446,0.006854324799991446
Martjushev ADWIN J,Ceravolo,sudden_trace_noise15_1000_ROI,0.4,200,500,10,[379],[499],1.0,120.0,00:00:08,8.113556800002698,0.008113556800002699
Martjushev ADWIN J,Ceravolo,sudden_trace_noise20_1000_IOR,0.4,200,500,10,[],[499],,,00:00:10,10.01043419999769,0.010010434199997689
Martjushev ADWIN J,Ostovar,Nested_ROI_output_ROI_5,0.4,200,500,10,[849],"[999, 1999]",0.6666666666666666,150.0,00:07:49,469.5074927000096,0.15655468246082346
Martjushev ADWIN J,Ceravolo,sudden_trace_noise15_1000_cd,0.4,200,500,50,[],[499],,,00:00:04,4.711512299982132,0.004711512299982132
Martjushev ADWIN J,Ostovar,Composite_OIR_output_OIR_5,0.4,200,500,50,"[949, 1975]","[999, 1999]",1.0,37.0,00:05:31,331.6000087999855,0.11057019299766106
Martjushev ADWIN J,Ostovar,Atomic_Swap_output_Swap_2,0.4,200,500,50,[],"[999, 1999]",,,00:04:40,280.6213263999962,0.09357163267755791
Martjushev ADWIN J,Ceravolo,sudden_trace_noise15_1000_OIR,0.4,200,500,10,[449],[499],1.0,50.0,00:00:08,8.11698979997891,0.00811698979997891
Martjushev ADWIN J,Ostovar,Atomic_ConditionalMove_output_ConditionalMove,0.4,200,500,50,"[949, 1600]","[999, 1999]",0.5,50.0,00:04:51,291.42837199999485,0.09717518239412966
Martjushev ADWIN J,Ceravolo,sudden_trace_noise15_1000_IRO,0.4,200,500,20,[399],[499],1.0,100.0,00:00:07,7.00021420000121,0.00700021420000121
Martjushev ADWIN J,Ceravolo,sudden_trace_noise5_1000_sw,0.4,200,500,10,[],[499],,,00:00:09,9.030121299991151,0.009030121299991152
Martjushev ADWIN J,Ceravolo,sudden_trace_noise0_1000_pm,0.4,200,500,10,[399],[499],1.0,100.0,00:00:07,7.912348099984229,0.007912348099984229
Martjushev ADWIN J,Ostovar,Nested_IOR_output_IOR,0.4,200,500,50,"[936, 1937]","[999, 1999]",1.0,62.5,00:06:08,368.0082709999988,0.12271032710903594
Martjushev ADWIN J,Ostovar,Atomic_ParallelToSequence_output_ParallelToSequence_2,0.4,200,500,20,[],"[999, 1999]",,,00:06:29,389.3777079000138,0.12983584791597658
Martjushev ADWIN J,Ceravolo,sudden_trace_noise0_1000_re,0.4,200,500,20,[449],[499],1.0,50.0,00:00:05,5.685603800026001,0.005685603800026001
Martjushev ADWIN J,Ostovar,Atomic_SerialRemoval_output_SerialRemoval,0.4,200,500,50,"[1024, 1950]","[999, 1999]",1.0,37.0,00:03:34,214.37643890001345,0.07148264051350899
Martjushev ADWIN J,Ceravolo,sudden_trace_noise20_1000_pm,0.4,200,500,20,[499],[499],1.0,0.0,00:00:06,6.758452199981548,0.006758452199981548
Martjushev ADWIN J,Ceravolo,sudden_trace_noise5_1000_cf,0.4,200,500,20,[319],[499],1.0,180.0,00:00:05,5.370231700013392,0.0053702317000133915
Martjushev ADWIN J,Ostovar,Atomic_Swap_output_Swap_2,0.4,200,500,20,[],"[999, 1999]",,,00:05:48,348.9502755999856,0.11635554371456673
Martjushev ADWIN J,Ostovar,Nested_RIO_output_RIO_5,0.4,200,500,10,"[979, 1875]","[999, 1999]",1.0,72.0,00:10:20,620.9104169000057,0.207039152017341
Martjushev ADWIN J,Ostovar,Atomic_Loop_output_Loop,0.4,200,500,50,"[949, 1975]","[999, 1999]",1.0,37.0,00:03:42,222.0638521000219,0.07404596602201464
Martjushev ADWIN J,Ostovar,Atomic_ParallelToSequence_output_ParallelToSequence_5,0.4,200,500,50,[],"[999, 1999]",,,00:05:31,331.1213871999935,0.11041059926641997
Martjushev ADWIN J,Ceravolo,sudden_trace_noise15_1000_pl,0.4,200,500,50,[],[499],,,00:00:04,4.676824800000759,0.004676824800000759
Martjushev ADWIN J,Ostovar,Composite_IOR_output_IOR_5,0.4,200,500,50,"[949, 1800]","[999, 1999]",1.0,124.5,00:04:04,244.79260149999755,0.08162474208069274
Martjushev ADWIN J,Ceravolo,sudden_trace_noise0_1000_OIR,0.4,200,500,20,[449],[499],1.0,50.0,00:00:06,6.997843699995428,0.006997843699995428
Martjushev ADWIN J,Ceravolo,sudden_trace_noise5_1000_rp,0.4,200,500,10,[],[499],,,00:00:10,10.024579499993706,0.010024579499993707
Martjushev ADWIN J,Ceravolo,sudden_trace_noise0_1000_sw,0.4,200,500,10,[],[499],,,00:00:09,9.22726290000719,0.00922726290000719
Martjushev ADWIN J,Ceravolo,sudden_trace_noise5_1000_rp,0.4,200,500,20,[],[499],,,00:00:06,6.904348299984122,0.006904348299984122
Martjushev ADWIN J,Ostovar,Nested_OIR_output_OIR_2,0.4,200,500,50,"[999, 1900]","[999, 1999]",1.0,49.5,00:05:56,356.75350220000837,0.11895748656219018
Martjushev ADWIN J,Ostovar,Atomic_ParallelRemoval_output_ParallelRemoval_2,0.4,200,500,20,[1941],"[999, 1999]",0.6666666666666666,58.0,00:05:42,342.49305750001804,0.11420241997333046
Martjushev ADWIN J,Ceravolo,sudden_trace_noise0_1000_IRO,0.4,200,500,20,[379],[499],1.0,120.0,00:00:07,7.085820400010562,0.007085820400010562
Martjushev ADWIN J,Ostovar,Atomic_ConditionalToSequence_output_ConditionalToSequence_5,0.4,200,500,50,"[949, 1975]","[999, 1999]",1.0,37.0,00:05:19,319.26936810000916,0.10645860890297071
Martjushev ADWIN J,Ostovar,Atomic_Loop_output_Loop_2,0.4,200,500,20,"[964, 1870]","[999, 1999]",1.0,82.0,00:05:21,321.5132841000159,0.10720683031010866
Martjushev ADWIN J,Ostovar,Atomic_ParallelToSequence_output_ParallelToSequence_5,0.4,200,500,10,[],"[999, 1999]",,,00:08:47,527.4924120999931,0.17588943384461256
Martjushev ADWIN J,Ostovar,Atomic_SerialMove_output_SerialMove,0.4,200,500,10,[],"[999, 1999]",,,00:07:31,451.99160269999993,0.15071410560186727
Martjushev ADWIN J,Ostovar,Atomic_Loop_output_Loop,0.4,200,500,10,"[904, 1915]","[999, 1999]",1.0,89.5,00:05:17,317.5518139000051,0.1058858999333128
Martjushev ADWIN J,Ceravolo,sudden_trace_noise20_1000_cd,0.4,200,500,20,[],[499],,,00:00:06,6.134164899995085,0.006134164899995085
Martjushev ADWIN J,Ostovar,Composite_ORI_output_ORI_5,0.4,200,500,20,[869],"[999, 1999]",0.6666666666666666,130.0,00:07:52,472.43962089999695,0.1575323844281417
Martjushev ADWIN J,Ostovar,Atomic_Skip_output_Skip,0.4,200,500,50,"[849, 1950]","[999, 1999]",1.0,99.5,00:03:53,233.1703948000213,0.07774938139380504
Martjushev ADWIN J,Ceravolo,sudden_trace_noise15_1000_IRO,0.4,200,500,10,[389],[499],1.0,110.0,00:00:08,8.966291400021873,0.008966291400021873
Martjushev ADWIN J,Ostovar,Atomic_Substitute_output_Substitute_5,0.4,200,500,20,"[829, 1930]","[999, 1999]",1.0,119.5,00:06:16,376.90216900000814,0.1256759483161081
Martjushev ADWIN J,Ceravolo,sudden_trace_noise10_1000_rp,0.4,200,500,10,[],[499],,,00:00:10,10.16419149999274,0.01016419149999274
Martjushev ADWIN J,Ceravolo,sudden_trace_noise0_1000_ROI,0.4,200,500,20,[359],[499],1.0,140.0,00:00:06,6.920680199982598,0.006920680199982598
Martjushev ADWIN J,Ostovar,Atomic_Substitute_output_Substitute_5,0.4,200,500,10,"[829, 1930]","[999, 1999]",1.0,119.5,00:07:49,469.2878133000049,0.15648143157719405
Martjushev ADWIN J,Ostovar,Composite_RIO_output_RIO_5,0.4,200,500,10,"[904, 1945]","[999, 1999]",1.0,74.5,00:08:15,495.8543853999872,0.16533990843614113
Martjushev ADWIN J,Ostovar,Atomic_Swap_output_Swap_5,0.4,200,500,10,[],"[999, 1999]",,,00:07:50,470.71443250001175,0.15695712987662946
Martjushev ADWIN J,Ceravolo,sudden_trace_noise15_1000_pm,0.4,200,500,50,[449],[499],1.0,50.0,00:00:05,5.00966189999599,0.00500966189999599
Martjushev ADWIN J,Ostovar,Nested_IOR_output_IOR_2,0.4,200,500,50,"[899, 1800]","[999, 1999]",1.0,149.5,00:07:05,425.9242884000123,0.14202210350117117
Martjushev ADWIN J,Ceravolo,sudden_trace_noise10_1000_ROI,0.4,200,500,10,[349],[499],1.0,150.0,00:00:08,8.214059800026007,0.008214059800026006
Martjushev ADWIN J,Ostovar,Atomic_Substitute_output_Substitute,0.4,200,500,20,"[964, 1870]","[999, 1999]",1.0,82.0,00:05:01,301.75496380002005,0.10061852744248752
Martjushev ADWIN J,Ceravolo,sudden_trace_noise15_1000_lp,0.4,200,500,20,[359],[499],1.0,140.0,00:00:06,6.2223093000066,0.0062223093000066
Martjushev ADWIN J,Ceravolo,sudden_trace_noise10_1000_cd,0.4,200,500,10,[],[499],,,00:00:09,9.149562300008256,0.009149562300008256
Martjushev ADWIN J,Ceravolo,sudden_trace_noise10_1000_pm,0.4,200,500,50,[],[499],,,00:00:04,4.706030700006522,0.004706030700006522
Martjushev ADWIN J,Ceravolo,sudden_trace_noise5_1000_cp,0.4,200,500,50,[449],[499],1.0,50.0,00:00:05,5.179695500002708,0.005179695500002708
Martjushev ADWIN J,Ostovar,Atomic_Frequency_output_Frequency_2,0.4,200,500,20,[],"[999, 1999]",,,00:02:59,179.6208657999814,0.05989358646214785
Martjushev ADWIN J,Ostovar,Atomic_ParallelMove_output_ParallelMove,0.4,200,500,10,[],"[999, 1999]",,,00:07:42,462.71613800001796,0.15429014271424407
Martjushev ADWIN J,Ostovar,Atomic_Frequency_output_Frequency_5,0.4,200,500,10,[],"[999, 1999]",,,00:04:12,252.83780120001757,0.08430736952318024
Martjushev ADWIN J,Ostovar,Composite_IRO_output_IRO_5,0.4,200,500,50,"[949, 1943]","[999, 1999]",1.0,53.0,00:06:20,380.5216020999942,0.12688282830943454
Martjushev ADWIN J,Ostovar,Atomic_Frequency_output_Frequency_2,0.4,200,500,50,[],"[999, 1999]",,,00:02:09,129.46459669998148,0.043169255318433304
Martjushev ADWIN J,Bose,bose_log,0.4,200,500,50,"[1299, 2350, 3626, 4814]","[1199, 2399, 3599, 4799]",1.0,47.75,00:00:37,37.21899990001111,0.006203166650001852
Martjushev ADWIN J,Ostovar,Nested_ROI_output_ROI_2,0.4,200,500,50,"[899, 1800]","[999, 1999]",1.0,149.5,00:04:47,287.692990200012,0.09592963994665288
Martjushev ADWIN J,Ostovar,Atomic_Swap_output_Swap_5,0.4,200,500,20,[],"[999, 1999]",,,00:05:49,349.8563409000053,0.11665766618873134
Martjushev ADWIN J,Ostovar,Atomic_ConditionalToSequence_output_ConditionalToSequence_5,0.4,200,500,10,"[919, 1965]","[999, 1999]",1.0,57.0,00:07:36,456.3386810999946,0.15216361490496652
Martjushev ADWIN J,Ceravolo,sudden_trace_noise15_1000_rp,0.4,200,500,20,[],[499],,,00:00:07,7.158551600005012,0.007158551600005012
Martjushev ADWIN J,Ostovar,Atomic_Substitute_output_Substitute_5,0.4,200,500,50,"[849, 1950]","[999, 1999]",1.0,99.5,00:05:22,322.98073740000837,0.10769614451484107
Martjushev ADWIN J,Ostovar,Atomic_ConditionalRemoval_output_ConditionalRemoval_2,0.4,200,500,20,[],"[999, 1999]",,,00:05:51,351.0209771999798,0.11704600773590525
Martjushev ADWIN J,Ceravolo,sudden_trace_noise5_1000_cf,0.4,200,500,50,[349],[499],1.0,150.0,00:00:05,5.15027369998279,0.00515027369998279
Martjushev ADWIN J,Ceravolo,sudden_trace_noise5_1000_IRO,0.4,200,500,20,[379],[499],1.0,120.0,00:00:06,6.8793718999950215,0.006879371899995022
Martjushev ADWIN J,Ceravolo,sudden_trace_noise10_1000_OIR,0.4,200,500,20,[449],[499],1.0,50.0,00:00:06,6.964778800000204,0.006964778800000204
Martjushev ADWIN J,Ostovar,Atomic_ConditionalToSequence_output_ConditionalToSequence,0.4,200,500,50,"[949, 1975]","[999, 1999]",1.0,37.0,00:04:22,262.47386719999486,0.08752046255418301
Martjushev ADWIN J,Ostovar,Atomic_ParallelRemoval_output_ParallelRemoval_2,0.4,200,500,10,[1949],"[999, 1999]",0.6666666666666666,50.0,00:07:18,438.9423904999858,0.14636291780593058
Martjushev ADWIN J,Ceravolo,sudden_trace_noise20_1000_re,0.4,200,500,20,[319],[499],1.0,180.0,00:00:05,5.285389600001508,0.005285389600001508
Martjushev ADWIN J,Ostovar,Nested_RIO_output_RIO_2,0.4,200,500,10,"[964, 1870]","[999, 1999]",1.0,82.0,00:10:09,609.3969308999949,0.20320004364788094
Martjushev ADWIN J,Ostovar,Nested_OIR_output_OIR_5,0.4,200,500,50,[899],"[999, 1999]",0.6666666666666666,100.0,00:06:08,368.5415133999777,0.12288813384460744
Martjushev ADWIN J,Ceravolo,sudden_trace_noise10_1000_sw,0.4,200,500,20,[],[499],,,00:00:06,6.5726910999801476,0.006572691099980148
Martjushev ADWIN J,Ostovar,Atomic_Swap_output_Swap_2,0.4,200,500,10,[],"[999, 1999]",,,00:07:51,471.35661190000246,0.1571712610536854
Martjushev ADWIN J,Ceravolo,sudden_trace_noise20_1000_cb,0.4,200,500,10,[439],[499],1.0,60.0,00:00:08,8.468001800007187,0.008468001800007187
Martjushev ADWIN J,Ostovar,Atomic_Substitute_output_Substitute,0.4,200,500,50,"[949, 1850]","[999, 1999]",1.0,99.5,00:04:23,263.35083379998105,0.08781288222740281
Martjushev ADWIN J,Ostovar,Atomic_SerialMove_output_SerialMove_5,0.4,200,500,50,[],"[999, 1999]",,,00:05:56,356.31360800002585,0.11881080626876488
Martjushev ADWIN J,Ceravolo,sudden_trace_noise10_1000_cd,0.4,200,500,20,[],[499],,,00:00:06,6.520587199978763,0.006520587199978763
Martjushev ADWIN J,Ostovar,Atomic_ConditionalMove_output_ConditionalMove,0.4,200,500,10,"[971, 1915]","[999, 1999]",1.0,56.0,00:07:04,424.5249836000148,0.14155551303768416
Martjushev ADWIN J,Ostovar,Atomic_ConditionalMove_output_ConditionalMove_5,0.4,200,500,50,"[899, 1750]","[999, 1999]",0.5,100.0,00:05:57,357.3959574000037,0.11917170970323564
Martjushev ADWIN J,Ceravolo,sudden_trace_noise5_1000_lp,0.4,200,500,20,[339],[499],1.0,160.0,00:00:06,6.029074900026899,0.006029074900026899
Martjushev ADWIN J,Ceravolo,sudden_trace_noise15_1000_IRO,0.4,200,500,50,[399],[499],1.0,100.0,00:00:05,5.960239100008039,0.005960239100008039
Martjushev ADWIN J,Ostovar,Composite_OIR_output_OIR,0.4,200,500,10,"[954, 1957]","[999, 1999]",1.0,43.5,00:06:30,390.7695381999947,0.13029994604868114
Martjushev ADWIN J,Ceravolo,sudden_trace_noise15_1000_IOR,0.4,200,500,10,[],[499],,,00:00:10,10.185628500010353,0.010185628500010353
Martjushev ADWIN J,Ceravolo,sudden_trace_noise10_1000_ROI,0.4,200,500,50,[349],[499],1.0,150.0,00:00:05,5.515863300010096,0.005515863300010096
Martjushev ADWIN J,Ostovar,Atomic_Swap_output_Swap,0.4,200,500,50,[],"[999, 1999]",,,00:03:40,220.9199144000013,0.07366452630877002
Martjushev ADWIN J,Ceravolo,sudden_trace_noise10_1000_pl,0.4,200,500,20,[],[499],,,00:00:06,6.516905500000576,0.006516905500000576
Martjushev ADWIN J,Ceravolo,sudden_trace_noise5_1000_sw,0.4,200,500,50,[],[499],,,00:00:04,4.859377000015229,0.004859377000015229
Martjushev ADWIN J,Ostovar,Atomic_SerialMove_output_SerialMove_5,0.4,200,500,10,[],"[999, 1999]",,,00:09:23,563.6681748999981,0.18795204231410406
Martjushev ADWIN J,Ceravolo,sudden_trace_noise20_1000_IOR,0.4,200,500,20,[],[499],,,00:00:07,7.274761999986367,0.007274761999986367
Martjushev ADWIN J,Ostovar,Nested_IRO_output_IRO_2,0.4,200,500,50,"[949, 1850]","[999, 1999]",1.0,99.5,00:09:05,545.6472018999921,0.18194304831610272
Martjushev ADWIN J,Ostovar,Atomic_SerialRemoval_output_SerialRemoval,0.4,200,500,10,"[979, 1890]","[999, 1999]",1.0,64.5,00:05:20,320.05792270001257,0.10672154808269842
Martjushev ADWIN J,Ceravolo,sudden_trace_noise0_1000_cd,0.4,200,500,10,[],[499],,,00:00:09,9.272940399998333,0.009272940399998333
Martjushev ADWIN J,Ostovar,Nested_IOR_output_IOR_2,0.4,200,500,20,"[909, 1760]","[999, 1999]",0.5,90.0,00:08:24,504.53436649998184,0.16823420023340507
Martjushev ADWIN J,Ostovar,Atomic_ConditionalRemoval_output_ConditionalRemoval,0.4,200,500,10,"[889, 1780]","[999, 1999]",0.5,110.0,00:05:13,313.8555767000071,0.10465341003668126
Martjushev ADWIN J,Ostovar,Nested_OIR_output_OIR_2,0.4,200,500,20,"[1009, 1880]","[999, 1999]",1.0,64.5,00:06:52,412.9500020999985,0.13769589933311055
Martjushev ADWIN J,Ostovar,Atomic_ParallelToSequence_output_ParallelToSequence,0.4,200,500,50,[],"[999, 1999]",,,00:04:18,258.44021930001327,0.08617546492164498
Martjushev ADWIN J,Ceravolo,sudden_trace_noise10_1000_cb,0.4,200,500,20,[419],[499],1.0,80.0,00:00:06,6.2371222999936435,0.006237122299993644
Martjushev ADWIN J,Ostovar,Atomic_Loop_output_Loop_5,0.4,200,500,20,"[934, 1985]","[999, 1999]",1.0,39.5,00:05:27,327.94071819999954,0.10935002274091349
Martjushev ADWIN J,Ostovar,Nested_IRO_output_IRO_5,0.4,200,500,20,"[904, 1520]","[999, 1999]",0.5,95.0,00:10:18,618.538704000006,0.20624831743914837
Martjushev ADWIN J,Ceravolo,sudden_trace_noise20_1000_IOR,0.4,200,500,50,[],[499],,,00:00:05,5.411816200008616,0.005411816200008615
Martjushev ADWIN J,Ceravolo,sudden_trace_noise5_1000_cb,0.4,200,500,50,[449],[499],1.0,50.0,00:00:05,5.5512650000164285,0.005551265000016428
Martjushev ADWIN J,Ceravolo,sudden_trace_noise15_1000_sw,0.4,200,500,20,[],[499],,,00:00:06,6.242002099985257,0.006242002099985257
Martjushev ADWIN J,Ceravolo,sudden_trace_noise20_1000_ROI,0.4,200,500,20,[379],[499],1.0,120.0,00:00:06,6.60862400001497,0.00660862400001497
Martjushev ADWIN J,Ostovar,Nested_IOR_output_IOR,0.4,200,500,20,"[936, 1965]","[999, 1999]",1.0,48.5,00:07:02,422.77602280001156,0.14097233171057405
Martjushev ADWIN J,Ostovar,Composite_ROI_output_ROI_5,0.4,200,500,50,"[799, 1950]","[999, 1999]",1.0,124.5,00:05:59,359.7826847000106,0.11996755075025362
Martjushev ADWIN J,Ostovar,Atomic_ConditionalToSequence_output_ConditionalToSequence_2,0.4,200,500,50,"[949, 1850]","[999, 1999]",1.0,99.5,00:05:18,318.0797105000238,0.10606192414138839
Martjushev ADWIN J,Ceravolo,sudden_trace_noise10_1000_pl,0.4,200,500,10,[],[499],,,00:00:09,9.48598050000146,0.00948598050000146
Martjushev ADWIN J,Ostovar,Nested_OIR_output_OIR,0.4,200,500,10,"[879, 1950]","[999, 1999]",1.0,84.5,00:07:03,423.54537429998163,0.14122886772256807
Martjushev ADWIN J,Ostovar,Composite_IRO_output_IRO_2,0.4,200,500,10,"[971, 1915]","[999, 1999]",1.0,56.0,00:09:02,542.8024755999795,0.18099449003000317
Martjushev ADWIN J,Ceravolo,sudden_trace_noise15_1000_re,0.4,200,500,10,[449],[499],1.0,50.0,00:00:06,6.534205700008897,0.006534205700008897
Martjushev ADWIN J,Ostovar,Atomic_ParallelToSequence_output_ParallelToSequence_5,0.4,200,500,20,[],"[999, 1999]",,,00:06:56,416.7607645000098,0.1389665770256785
Martjushev ADWIN J,Ostovar,Nested_RIO_output_RIO,0.4,200,500,20,"[934, 1955]","[999, 1999]",1.0,54.5,00:07:06,426.587701499986,0.1422433149383081
Martjushev ADWIN J,Ostovar,Atomic_ParallelToSequence_output_ParallelToSequence_2,0.4,200,500,50,[],"[999, 1999]",,,00:05:33,333.22560169998906,0.11111223797932279
Martjushev ADWIN J,Ceravolo,sudden_trace_noise10_1000_cf,0.4,200,500,50,[349],[499],1.0,150.0,00:00:05,5.00759249998373,0.00500759249998373
Martjushev ADWIN J,Ceravolo,sudden_trace_noise0_1000_pm,0.4,200,500,50,[399],[499],1.0,100.0,00:00:05,5.283604099997319,0.005283604099997319
Martjushev ADWIN J,Ceravolo,sudden_trace_noise5_1000_re,0.4,200,500,20,[449],[499],1.0,50.0,00:00:05,5.755318400013493,0.005755318400013493
Martjushev ADWIN J,Ostovar,Nested_ORI_output_ORI_2,0.4,200,500,50,"[949, 1975]","[999, 1999]",1.0,37.0,00:06:54,414.04846890000044,0.1380621770256754
Martjushev ADWIN J,Ceravolo,sudden_trace_noise5_1000_IOR,0.4,200,500,10,[],[499],,,00:00:10,10.559470199979842,0.010559470199979841
Martjushev ADWIN J,Ostovar,Composite_OIR_output_OIR_2,0.4,200,500,10,"[904, 1945]","[999, 1999]",1.0,74.5,00:08:09,489.56697450001957,0.16324340596866274
Martjushev ADWIN J,Ceravolo,sudden_trace_noise0_1000_RIO,0.4,200,500,10,[419],[499],1.0,80.0,00:00:08,8.198655599990161,0.00819865559999016
Martjushev ADWIN J,Ceravolo,sudden_trace_noise10_1000_IOR,0.4,200,500,10,[],[499],,,00:00:10,10.351946000009775,0.010351946000009776
Martjushev ADWIN J,Ceravolo,sudden_trace_noise0_1000_cp,0.4,200,500,10,[279],[499],,,00:00:06,6.371447800018359,0.0063714478000183586
Martjushev ADWIN J,Ceravolo,sudden_trace_noise5_1000_lp,0.4,200,500,10,[339],[499],1.0,160.0,00:00:07,7.354710899991915,0.007354710899991915
Martjushev ADWIN J,Ceravolo,sudden_trace_noise10_1000_re,0.4,200,500,50,[349],[499],1.0,150.0,00:00:04,4.855793299997458,0.004855793299997458
Martjushev ADWIN J,Ceravolo,sudden_trace_noise15_1000_OIR,0.4,200,500,50,[449],[499],1.0,50.0,00:00:06,6.232096799998544,0.006232096799998544
Martjushev ADWIN J,Ostovar,Nested_IOR_output_IOR_5,0.4,200,500,50,"[899, 1925]","[999, 1999]",1.0,87.0,00:07:44,464.5770319000003,0.15491064751583872
Martjushev ADWIN J,Ceravolo,sudden_trace_noise0_1000_RIO,0.4,200,500,50,[499],[499],1.0,0.0,00:00:05,5.656160400016233,0.005656160400016233
Martjushev ADWIN J,Ostovar,Composite_ORI_output_ORI,0.4,200,500,20,"[829, 1910]","[999, 1999]",1.0,129.5,00:06:13,373.07339070001035,0.12439926332111048
Martjushev ADWIN J,Ceravolo,sudden_trace_noise15_1000_pm,0.4,200,500,20,[419],[499],1.0,80.0,00:00:06,6.321201200014912,0.006321201200014912
Martjushev ADWIN J,Ostovar,Atomic_ConditionalMove_output_ConditionalMove_5,0.4,200,500,10,"[869, 1690]","[999, 1999]",0.5,130.0,00:08:33,513.5176805000228,0.17122963671224503
Martjushev ADWIN J,Ostovar,Nested_ORI_output_ORI_5,0.4,200,500,10,"[889, 1925]","[999, 1999]",1.0,92.0,00:09:40,580.6792883000162,0.19362430420140586
Martjushev ADWIN J,Ceravolo,sudden_trace_noise20_1000_cd,0.4,200,500,50,[],[499],,,00:00:05,5.120885500014992,0.0051208855000149925
Martjushev ADWIN J,Ceravolo,sudden_trace_noise5_1000_cd,0.4,200,500,50,[],[499],,,00:00:05,5.532061900012195,0.005532061900012195
Martjushev ADWIN J,Bose,bose_log,0.4,200,500,10,"[1269, 2290, 3618, 4814]","[1199, 2399, 3599, 4799]",1.0,53.25,00:01:10,70.80595070001436,0.011800991783335728
Martjushev ADWIN J,Ceravolo,sudden_trace_noise15_1000_pl,0.4,200,500,20,[],[499],,,00:00:06,6.4483820000023115,0.006448382000002311
Martjushev ADWIN J,Ostovar,Atomic_Skip_output_Skip_2,0.4,200,500,10,[869],"[999, 1999]",0.6666666666666666,130.0,00:07:37,457.2903677999857,0.1524809495831896
Martjushev ADWIN J,Ceravolo,sudden_trace_noise20_1000_RIO,0.4,200,500,50,[],[499],,,00:00:04,4.756278500019107,0.004756278500019107
Martjushev ADWIN J,Ceravolo,sudden_trace_noise0_1000_cd,0.4,200,500,50,[],[499],,,00:00:04,4.877048199996352,0.004877048199996352
Martjushev ADWIN J,Ceravolo,sudden_trace_noise10_1000_cp,0.4,200,500,50,[449],[499],1.0,50.0,00:00:05,5.356969400017988,0.005356969400017988
Martjushev ADWIN J,Ceravolo,sudden_trace_noise0_1000_re,0.4,200,500,10,[434],[499],1.0,65.0,00:00:06,6.341591899981722,0.0063415918999817225
Martjushev ADWIN J,Ostovar,Atomic_SerialMove_output_SerialMove_5,0.4,200,500,20,[],"[999, 1999]",,,00:07:16,436.6853049999918,0.14561030510169784
Martjushev ADWIN J,Ceravolo,sudden_trace_noise20_1000_rp,0.4,200,500,50,[],[499],,,00:00:05,5.383941700012656,0.005383941700012656
Martjushev ADWIN J,Ostovar,Composite_ROI_output_ROI_2,0.4,200,500,10,"[889, 1770]","[999, 1999]",0.5,110.0,00:08:25,505.7225036000018,0.1686303779926648
Martjushev ADWIN J,Ceravolo,sudden_trace_noise15_1000_re,0.4,200,500,50,[449],[499],1.0,50.0,00:00:04,4.996874699980253,0.0049968746999802536
Martjushev ADWIN J,Ceravolo,sudden_trace_noise10_1000_sw,0.4,200,500,50,[],[499],,,00:00:04,4.931455799989635,0.004931455799989635
Martjushev ADWIN J,Ceravolo,sudden_trace_noise10_1000_IOR,0.4,200,500,50,[],[499],,,00:00:05,5.742592599999625,0.005742592599999625
Martjushev ADWIN J,Ceravolo,sudden_trace_noise5_1000_RIO,0.4,200,500,50,[],[499],,,00:00:05,5.031496399984462,0.005031496399984462
Martjushev ADWIN J,Ceravolo,sudden_trace_noise5_1000_IRO,0.4,200,500,10,[379],[499],1.0,120.0,00:00:08,8.768234099989058,0.008768234099989058
Martjushev ADWIN J,Ceravolo,sudden_trace_noise0_1000_IOR,0.4,200,500,10,[],[499],,,00:00:10,10.313762300007511,0.01031376230000751
Martjushev ADWIN J,Ceravolo,sudden_trace_noise20_1000_lp,0.4,200,500,10,[369],[499],1.0,130.0,00:00:07,7.596352799999295,0.007596352799999295
Martjushev ADWIN J,Ostovar,Nested_IRO_output_IRO_2,0.4,200,500,10,"[919, 1917]","[999, 1999]",1.0,81.0,00:12:07,727.2171506000159,0.24248654571524372
Martjushev ADWIN J,Ostovar,Atomic_ConditionalMove_output_ConditionalMove_2,0.4,200,500,50,"[899, 1750]","[999, 1999]",0.5,100.0,00:06:03,363.3943861000007,0.12117185265088386
Martjushev ADWIN J,Ostovar,Nested_ORI_output_ORI_2,0.4,200,500,10,"[904, 1930]","[999, 1999]",1.0,82.0,00:09:22,562.3241208000109,0.18750387489163417
Martjushev ADWIN J,Ceravolo,sudden_trace_noise20_1000_re,0.4,200,500,50,[349],[499],1.0,150.0,00:00:04,4.93408669999917,0.0049340866999991705
Martjushev ADWIN J,Ceravolo,sudden_trace_noise20_1000_lp,0.4,200,500,50,[399],[499],1.0,100.0,00:00:05,5.46025470001041,0.005460254700010409
Martjushev ADWIN J,Ostovar,Atomic_ConditionalRemoval_output_ConditionalRemoval_2,0.4,200,500,10,[],"[999, 1999]",,,00:07:57,477.55303459998686,0.15923742400799829
Martjushev ADWIN J,Ceravolo,sudden_trace_noise20_1000_rp,0.4,200,500,10,[],[499],,,00:00:10,10.337754700012738,0.010337754700012738
Martjushev ADWIN J,Ceravolo,sudden_trace_noise20_1000_RIO,0.4,200,500,20,[],[499],,,00:00:06,6.633592500002123,0.006633592500002124
Martjushev ADWIN J,Ceravolo,sudden_trace_noise5_1000_re,0.4,200,500,10,[449],[499],1.0,50.0,00:00:06,6.513296199991601,0.0065132961999916006
Martjushev ADWIN J,Ostovar,Composite_IRO_output_IRO,0.4,200,500,10,"[954, 1957]","[999, 1999]",1.0,43.5,00:07:14,434.05620709998766,0.14473364691563442
Martjushev ADWIN J,Ceravolo,sudden_trace_noise0_1000_cb,0.4,200,500,10,[409],[499],1.0,90.0,00:00:08,8.136939899995923,0.008136939899995923
Martjushev ADWIN J,Ceravolo,sudden_trace_noise10_1000_pl,0.4,200,500,50,[],[499],,,00:00:04,4.973416900000302,0.004973416900000302
Martjushev ADWIN J,Ostovar,Atomic_Skip_output_Skip_2,0.4,200,500,20,[869],"[999, 1999]",0.6666666666666666,130.0,00:05:49,349.1592052000051,0.11642521013671393
Martjushev ADWIN J,Ceravolo,sudden_trace_noise20_1000_IRO,0.4,200,500,20,[419],[499],1.0,80.0,00:00:07,7.621704699995462,0.007621704699995462
Martjushev ADWIN J,Ceravolo,sudden_trace_noise0_1000_lp,0.4,200,500,10,[339],[499],1.0,160.0,00:00:07,7.47585070002242,0.00747585070002242
Martjushev ADWIN J,Ostovar,Atomic_SerialMove_output_SerialMove,0.4,200,500,20,[],"[999, 1999]",,,00:05:41,341.8072613000113,0.11397374501500877
Martjushev ADWIN J,Ostovar,Nested_IOR_output_IOR_5,0.4,200,500,20,"[869, 1930]","[999, 1999]",1.0,99.5,00:08:34,514.9031357000058,0.17169160910303627
Martjushev ADWIN J,Ceravolo,sudden_trace_noise0_1000_rp,0.4,200,500,50,[],[499],,,00:00:05,5.482505099993432,0.005482505099993432
Martjushev ADWIN J,Ceravolo,sudden_trace_noise10_1000_IRO,0.4,200,500,20,"[399, 899]",[499],0.6666666666666666,100.0,00:00:07,7.862857900006929,0.00786285790000693
Martjushev ADWIN J,Ceravolo,sudden_trace_noise15_1000_rp,0.4,200,500,50,[],[499],,,00:00:05,5.283833299996331,0.0052838332999963315
Martjushev ADWIN J,Ostovar,Composite_ORI_output_ORI_2,0.4,200,500,10,[889],"[999, 1999]",0.6666666666666666,110.0,00:09:34,574.186964499997,0.1914594746582184
Martjushev ADWIN J,Ostovar,Composite_OIR_output_OIR_2,0.4,200,500,20,"[904, 1945]","[999, 1999]",1.0,74.5,00:06:24,384.9382097000198,0.1283555217405868
Martjushev ADWIN J,Ostovar,Composite_ORI_output_ORI_5,0.4,200,500,10,[869],"[999, 1999]",0.6666666666666666,130.0,00:09:52,592.0372509000008,0.19741155415138406
Martjushev ADWIN J,Ostovar,Atomic_Loop_output_Loop_2,0.4,200,500,50,"[849, 1950]","[999, 1999]",1.0,99.5,00:04:29,269.3082620999776,0.08979935381793183
Martjushev ADWIN J,Ceravolo,sudden_trace_noise20_1000_pl,0.4,200,500,50,[],[499],,,00:00:04,4.859586099977605,0.004859586099977605
Martjushev ADWIN J,Ostovar,Nested_IOR_output_IOR_2,0.4,200,500,10,"[899, 1960]","[999, 1999]",1.0,69.5,00:10:04,604.0711913999985,0.2014242052017334
Martjushev ADWIN J,Bose,bose_log,0.4,200,500,20,"[1009, 2395, 3589, 4790]","[1199, 2399, 3599, 4799]",1.0,53.25,00:00:50,50.57498109998414,0.008429163516664024
Martjushev ADWIN J,Ostovar,Composite_IRO_output_IRO_2,0.4,200,500,50,"[949, 1975]","[999, 1999]",1.0,37.0,00:06:24,384.46666220002226,0.1281982868289504
Martjushev ADWIN J,Ceravolo,sudden_trace_noise15_1000_cb,0.4,200,500,10,[449],[499],1.0,50.0,00:00:08,8.443947299994761,0.008443947299994762
Martjushev ADWIN J,Ostovar,Composite_ROI_output_ROI_2,0.4,200,500,20,"[889, 1780]","[999, 1999]",0.5,110.0,00:06:50,410.6700450000062,0.13693566022007542
Martjushev ADWIN J,Ceravolo,sudden_trace_noise20_1000_ROI,0.4,200,500,10,[379],[499],1.0,120.0,00:00:08,8.130554400006076,0.008130554400006077
Martjushev ADWIN J,Ceravolo,sudden_trace_noise10_1000_cp,0.4,200,500,10,[449],[499],1.0,50.0,00:00:06,6.824818499997491,0.006824818499997491
Martjushev ADWIN J,Ostovar,Composite_IRO_output_IRO_5,0.4,200,500,10,"[954, 1942]","[999, 1999]",1.0,51.0,00:09:11,551.7618136999954,0.1839819318772909
Martjushev ADWIN J,Ceravolo,sudden_trace_noise0_1000_pl,0.4,200,500,20,[],[499],,,00:00:06,6.706209900003159,0.006706209900003159
Martjushev ADWIN J,Ostovar,Composite_OIR_output_OIR_5,0.4,200,500,20,"[904, 1945]","[999, 1999]",1.0,74.5,00:06:30,390.35534990002634,0.13016183724575736
Martjushev ADWIN J,Ceravolo,sudden_trace_noise15_1000_cd,0.4,200,500,20,[],[499],,,00:00:06,6.350577500008512,0.0063505775000085125
Martjushev ADWIN J,Ceravolo,sudden_trace_noise15_1000_ROI,0.4,200,500,50,[399],[499],1.0,100.0,00:00:05,5.931508000008762,0.0059315080000087615
Martjushev ADWIN J,Ostovar,Nested_RIO_output_RIO_5,0.4,200,500,50,"[1024, 1875]","[999, 1999]",1.0,74.5,00:07:25,445.5088238999888,0.14855245878625833
Martjushev ADWIN J,Ostovar,Nested_RIO_output_RIO_2,0.4,200,500,20,"[964, 1870]","[999, 1999]",1.0,82.0,00:08:24,504.1602752000035,0.16810946155385245
Martjushev ADWIN J,Ostovar,Composite_IOR_output_IOR,0.4,200,500,50,"[849, 1650]","[999, 1999]",0.5,150.0,00:03:13,193.4089634999982,0.06449115155051624
Martjushev ADWIN J,Ceravolo,sudden_trace_noise15_1000_cp,0.4,200,500,50,[449],[499],1.0,50.0,00:00:05,5.166393199993763,0.005166393199993763
Martjushev ADWIN J,Ceravolo,sudden_trace_noise15_1000_cf,0.4,200,500,50,[349],[499],1.0,150.0,00:00:04,4.994670000014594,0.004994670000014594
Martjushev ADWIN J,Ceravolo,sudden_trace_noise10_1000_IRO,0.4,200,500,10,[389],[499],1.0,110.0,00:00:08,8.909905999986222,0.008909905999986222
Martjushev ADWIN J,Ostovar,Nested_ROI_output_ROI,0.4,200,500,10,"[979, 1890]","[999, 1999]",1.0,64.5,00:05:49,349.110434000002,0.11640894764921707
Martjushev ADWIN J,Ostovar,Atomic_ParallelMove_output_ParallelMove_2,0.4,200,500,50,[],"[999, 1999]",,,00:06:00,360.7570892999938,0.12029246058686023
Martjushev ADWIN J,Ostovar,Composite_IOR_output_IOR_5,0.4,200,500,20,"[929, 1960]","[999, 1999]",1.0,54.5,00:04:54,294.62941920000594,0.09824255391797464
Martjushev ADWIN J,Ceravolo,sudden_trace_noise0_1000_cf,0.4,200,500,50,[349],[499],1.0,150.0,00:00:05,5.015742000017781,0.005015742000017781
Martjushev ADWIN J,Ceravolo,sudden_trace_noise15_1000_lp,0.4,200,500,10,[359],[499],1.0,140.0,00:00:07,7.498227800009772,0.0074982278000097725
Martjushev ADWIN J,Ceravolo,sudden_trace_noise20_1000_pm,0.4,200,500,10,[489],[499],1.0,10.0,00:00:09,9.297390099993208,0.009297390099993209
Martjushev ADWIN J,Ostovar,Nested_ORI_output_ORI_5,0.4,200,500,50,"[949, 1975]","[999, 1999]",1.0,37.0,00:06:54,414.7099766000174,0.1382827531177117
Martjushev ADWIN J,Ostovar,Nested_ROI_output_ROI,0.4,200,500,50,"[849, 1875]","[999, 1999]",1.0,137.0,00:03:53,233.36611899998388,0.07781464454817735
Martjushev ADWIN J,Ceravolo,sudden_trace_noise0_1000_ROI,0.4,200,500,10,[349],[499],1.0,150.0,00:00:07,7.813531199994031,0.007813531199994032
Martjushev ADWIN J,Ostovar,Nested_IRO_output_IRO_5,0.4,200,500,50,"[949, 1975]","[999, 1999]",1.0,37.0,00:09:18,558.1400376000092,0.18610871543848256
Martjushev ADWIN J,Ceravolo,sudden_trace_noise5_1000_lp,0.4,200,500,50,[349],[499],1.0,150.0,00:00:05,5.193837099999655,0.005193837099999655
Martjushev ADWIN J,Ostovar,Atomic_Skip_output_Skip_5,0.4,200,500,10,"[829, 1910]","[999, 1999]",1.0,129.5,00:07:02,422.1425444999768,0.14076110186728136
Martjushev ADWIN J,Ostovar,Atomic_ParallelToSequence_output_ParallelToSequence_2,0.4,200,500,10,[],"[999, 1999]",,,00:08:41,521.2405787000025,0.17380479449816688
Martjushev ADWIN J,Ceravolo,sudden_trace_noise0_1000_rp,0.4,200,500,20,[],[499],,,00:00:07,7.368096699996386,0.007368096699996386
Martjushev ADWIN J,Ostovar,Atomic_ConditionalMove_output_ConditionalMove_5,0.4,200,500,20,"[869, 1700]","[999, 1999]",0.5,130.0,00:06:56,416.2182216999936,0.13878566912303889
Martjushev ADWIN J,Ostovar,Atomic_SerialRemoval_output_SerialRemoval_5,0.4,200,500,50,[949],"[999, 1999]",0.6666666666666666,50.0,00:04:50,290.0924500999972,0.0967297266088687
Martjushev ADWIN J,Ceravolo,sudden_trace_noise10_1000_RIO,0.4,200,500,50,[],[499],,,00:00:04,4.777135499985889,0.004777135499985889
Martjushev ADWIN J,Ceravolo,sudden_trace_noise5_1000_ROI,0.4,200,500,20,[359],[499],1.0,140.0,00:00:06,6.483681699988665,0.006483681699988665
Martjushev ADWIN J,Ostovar,Atomic_ParallelToSequence_output_ParallelToSequence,0.4,200,500,20,[],"[999, 1999]",,,00:05:19,319.89477789998637,0.10666714834944527
Martjushev ADWIN J,Ceravolo,sudden_trace_noise20_1000_pl,0.4,200,500,10,[],[499],,,00:00:08,8.578867700009141,0.008578867700009141
Martjushev ADWIN J,Ceravolo,sudden_trace_noise0_1000_pl,0.4,200,500,50,[],[499],,,00:00:05,5.018444599991199,0.005018444599991199
Martjushev ADWIN J,Ostovar,Nested_ORI_output_ORI,0.4,200,500,10,"[954, 1895]","[999, 1999]",1.0,74.5,00:07:35,455.08989229999133,0.15174721317105413
Martjushev ADWIN J,Ostovar,Nested_ROI_output_ROI_2,0.4,200,500,10,[879],"[999, 1999]",0.6666666666666666,120.0,00:07:47,467.4534279000072,0.15586976588863194
Martjushev ADWIN J,Ostovar,Atomic_ConditionalMove_output_ConditionalMove_2,0.4,200,500,10,"[869, 1690]","[999, 1999]",0.5,130.0,00:08:25,505.7347039000015,0.1686344461153723
Martjushev ADWIN J,Ceravolo,sudden_trace_noise15_1000_cp,0.4,200,500,20,[449],[499],1.0,50.0,00:00:05,5.846792500000447,0.005846792500000447
Martjushev ADWIN J,Ostovar,Composite_RIO_output_RIO_5,0.4,200,500,50,"[949, 1975]","[999, 1999]",1.0,37.0,00:05:58,358.65229680002085,0.11959062914305464
Martjushev ADWIN J,Ceravolo,sudden_trace_noise5_1000_IOR,0.4,200,500,20,[],[499],,,00:00:07,7.590772199997446,0.007590772199997446
Martjushev ADWIN J,Ostovar,Nested_IRO_output_IRO,0.4,200,500,20,"[904, 1880]","[999, 1999]",1.0,107.0,00:08:15,495.89892069998314,0.16535475848615644
Martjushev ADWIN J,Ceravolo,sudden_trace_noise10_1000_cf,0.4,200,500,10,[319],[499],1.0,180.0,00:00:06,6.69657129998086,0.006696571299980861
Martjushev ADWIN J,Ostovar,Atomic_SerialRemoval_output_SerialRemoval_5,0.4,200,500,20,[909],"[999, 1999]",0.6666666666666666,90.0,00:05:44,344.730639299989,0.1149485292764218
Martjushev ADWIN J,Ceravolo,sudden_trace_noise10_1000_RIO,0.4,200,500,20,[],[499],,,00:00:07,7.138485600007698,0.007138485600007698
Martjushev ADWIN J,Ostovar,Atomic_ParallelMove_output_ParallelMove_5,0.4,200,500,20,[],"[999, 1999]",,,00:07:23,443.67950729999575,0.1479424832610856
Martjushev ADWIN J,Ostovar,Composite_ROI_output_ROI,0.4,200,500,10,"[934, 1955]","[999, 1999]",1.0,54.5,00:06:33,393.9223200000124,0.13135122374125122
Martjushev ADWIN J,Ceravolo,sudden_trace_noise20_1000_cf,0.4,200,500,20,[319],[499],1.0,180.0,00:00:05,5.111545399995521,0.0051115453999955205
Martjushev ADWIN J,Ostovar,Atomic_ConditionalMove_output_ConditionalMove_2,0.4,200,500,20,"[869, 1930]","[999, 1999]",1.0,99.5,00:06:40,400.6065735000011,0.1335800511837283
Martjushev ADWIN J,Ceravolo,sudden_trace_noise20_1000_cf,0.4,200,500,10,[319],[499],1.0,180.0,00:00:06,6.216047800000524,0.006216047800000524
Martjushev ADWIN J,Ostovar,Atomic_SerialMove_output_SerialMove,0.4,200,500,50,[],"[999, 1999]",,,00:04:25,265.5764708999777,0.08855500863620464
Martjushev ADWIN J,Ostovar,Nested_ROI_output_ROI_5,0.4,200,500,50,[849],"[999, 1999]",0.6666666666666666,150.0,00:04:51,291.7519719999982,0.09728308502834218
Martjushev ADWIN J,Ostovar,Atomic_ParallelRemoval_output_ParallelRemoval,0.4,200,500,10,"[869, 1915]","[999, 1999]",1.0,107.0,00:05:06,306.9974379000196,0.1023666015005067
Martjushev ADWIN J,Ceravolo,sudden_trace_noise0_1000_OIR,0.4,200,500,50,[449],[499],1.0,50.0,00:00:06,6.253726700000698,0.006253726700000697
Martjushev ADWIN J,Ostovar,Atomic_ParallelRemoval_output_ParallelRemoval_2,0.4,200,500,50,[1949],"[999, 1999]",0.6666666666666666,50.0,00:04:26,266.58107299997937,0.08888998766254731
Martjushev ADWIN J,Ostovar,Composite_OIR_output_OIR,0.4,200,500,20,"[904, 1915]","[999, 1999]",1.0,89.5,00:05:03,303.5295036000025,0.10121023794598283
Martjushev ADWIN J,Ceravolo,sudden_trace_noise20_1000_pm,0.4,200,500,50,[499],[499],1.0,0.0,00:00:04,4.944012799998745,0.004944012799998745
Martjushev ADWIN J,Ceravolo,sudden_trace_noise15_1000_lp,0.4,200,500,50,[399],[499],1.0,100.0,00:00:05,5.1534237999876495,0.00515342379998765
Martjushev ADWIN J,Ostovar,Atomic_ConditionalRemoval_output_ConditionalRemoval_2,0.4,200,500,50,[],"[999, 1999]",,,00:04:29,269.2604633999872,0.08978341560519747
Martjushev ADWIN J,Ceravolo,sudden_trace_noise5_1000_sw,0.4,200,500,20,[],[499],,,00:00:06,6.378231999988202,0.006378231999988202
Martjushev ADWIN J,Ceravolo,sudden_trace_noise15_1000_pl,0.4,200,500,10,[],[499],,,00:00:08,8.894607800000813,0.008894607800000813
Martjushev ADWIN J,Ostovar,Atomic_Frequency_output_Frequency_2,0.4,200,500,10,[],"[999, 1999]",,,00:04:01,241.0990285000007,0.08039314054684919
Martjushev ADWIN J,Ceravolo,sudden_trace_noise20_1000_lp,0.4,200,500,20,[379],[499],1.0,120.0,00:00:05,5.92729579997831,0.00592729579997831
Martjushev ADWIN J,Ostovar,Atomic_SerialRemoval_output_SerialRemoval_5,0.4,200,500,10,[909],"[999, 1999]",0.6666666666666666,90.0,00:07:05,425.1710868999944,0.1417709526175373
Martjushev ADWIN J,Ceravolo,sudden_trace_noise20_1000_OIR,0.4,200,500,10,[464],[499],1.0,35.0,00:00:07,7.7199582000030205,0.00771995820000302
Martjushev ADWIN J,Ostovar,Atomic_ParallelMove_output_ParallelMove_5,0.4,200,500,50,[],"[999, 1999]",,,00:06:02,362.85437190000084,0.1209917878959656
Martjushev ADWIN J,Ceravolo,sudden_trace_noise10_1000_cf,0.4,200,500,20,[319],[499],1.0,180.0,00:00:05,5.387212000001455,0.005387212000001454
Martjushev ADWIN J,Ostovar,Composite_RIO_output_RIO_5,0.4,200,500,20,"[904, 1945]","[999, 1999]",1.0,74.5,00:06:41,401.9711810000008,0.13403507202400827
Martjushev ADWIN J,Ostovar,Atomic_Loop_output_Loop,0.4,200,500,20,"[904, 1915]","[999, 1999]",1.0,89.5,00:04:07,247.025221399992,0.08236919686561921
Martjushev ADWIN J,Ceravolo,sudden_trace_noise0_1000_lp,0.4,200,500,50,[349],[499],1.0,150.0,00:00:05,5.25739759998396,0.0052573975999839605
Martjushev ADWIN J,Ostovar,Nested_RIO_output_RIO,0.4,200,500,50,"[949, 1975]","[999, 1999]",1.0,37.0,00:06:01,361.8306284999999,0.12065042630876954
Martjushev ADWIN J,Ostovar,Composite_RIO_output_RIO,0.4,200,500,10,"[904, 1915]","[999, 1999]",1.0,89.5,00:06:36,396.09526679999544,0.13207578086028524
Martjushev ADWIN J,Ceravolo,sudden_trace_noise0_1000_cf,0.4,200,500,20,[319],[499],1.0,180.0,00:00:05,5.536384899984114,0.005536384899984114
Martjushev ADWIN J,Ostovar,Composite_ROI_output_ROI,0.4,200,500,50,"[949, 1975]","[999, 1999]",1.0,37.0,00:04:48,288.2024472000194,0.09609951557186375
Martjushev ADWIN J,Ostovar,Composite_IOR_output_IOR_2,0.4,200,500,20,"[909, 1740]","[999, 1999]",0.5,90.0,00:04:48,288.59538839999004,0.09623053964654553
Martjushev ADWIN J,Ostovar,Atomic_SerialMove_output_SerialMove_2,0.4,200,500,50,[],"[999, 1999]",,,00:05:48,348.6912611000007,0.11626917675891987
Martjushev ADWIN J,Ostovar,Composite_ORI_output_ORI_2,0.4,200,500,20,[889],"[999, 1999]",0.6666666666666666,110.0,00:07:44,464.620397199993,0.15492510743580962
Martjushev ADWIN J,Ostovar,Nested_OIR_output_OIR_2,0.4,200,500,10,"[999, 1870]","[999, 1999]",1.0,64.5,00:08:23,503.46652400001767,0.16787813404468746
Martjushev ADWIN J,Ostovar,Atomic_Skip_output_Skip_5,0.4,200,500,50,"[849, 1950]","[999, 1999]",1.0,99.5,00:04:55,295.36082659999374,0.09848643767922433
Martjushev ADWIN J,Ostovar,Nested_IRO_output_IRO,0.4,200,500,10,"[889, 1877]","[999, 1999]",1.0,116.0,00:09:43,583.2848595000105,0.19449311753918322
Martjushev ADWIN J,Ostovar,Atomic_SerialMove_output_SerialMove_2,0.4,200,500,20,[],"[999, 1999]",,,00:07:00,420.5041528000147,0.1402147891964037
Martjushev ADWIN J,Ostovar,Atomic_Swap_output_Swap,0.4,200,500,10,[],"[999, 1999]",,,00:05:56,356.41537490001065,0.11884473987996354
Martjushev ADWIN J,Ceravolo,sudden_trace_noise0_1000_re,0.4,200,500,50,[449],[499],1.0,50.0,00:00:05,5.050757199991494,0.005050757199991494
Martjushev ADWIN J,Ostovar,Nested_RIO_output_RIO,0.4,200,500,10,"[919, 1935]","[999, 1999]",1.0,72.0,00:08:09,489.41135660000145,0.16319151603868004
Martjushev ADWIN J,Ceravolo,sudden_trace_noise5_1000_rp,0.4,200,500,50,[],[499],,,00:00:05,5.459959200001322,0.005459959200001321
Martjushev ADWIN J,Ostovar,Atomic_Loop_output_Loop_5,0.4,200,500,10,"[779, 1980]","[999, 1999]",0.5,19.0,00:06:27,387.16295759999775,0.12909735165054945
Martjushev ADWIN J,Ceravolo,sudden_trace_noise10_1000_OIR,0.4,200,500,10,[434],[499],1.0,65.0,00:00:07,7.843586100003449,0.00784358610000345
Martjushev ADWIN J,Ceravolo,sudden_trace_noise0_1000_IRO,0.4,200,500,10,[379],[499],1.0,120.0,00:00:08,8.742843999993056,0.008742843999993056
Martjushev ADWIN J,Ceravolo,sudden_trace_noise20_1000_pl,0.4,200,500,20,[],[499],,,00:00:06,6.243119099992327,0.006243119099992327
Martjushev ADWIN J,Ceravolo,sudden_trace_noise10_1000_IOR,0.4,200,500,20,[],[499],,,00:00:07,7.194259699987015,0.007194259699987015
Martjushev ADWIN J,Ceravolo,sudden_trace_noise15_1000_cf,0.4,200,500,10,[329],[499],1.0,170.0,00:00:06,6.458570599992527,0.006458570599992526
Martjushev ADWIN J,Ceravolo,sudden_trace_noise5_1000_pl,0.4,200,500,10,[],[499],,,00:00:08,8.881930100003956,0.008881930100003956
Martjushev ADWIN J,Ceravolo,sudden_trace_noise10_1000_pm,0.4,200,500,20,[],[499],,,00:00:06,6.148687100008829,0.006148687100008828
Martjushev ADWIN J,Ceravolo,sudden_trace_noise10_1000_lp,0.4,200,500,20,[379],[499],1.0,120.0,00:00:06,6.414765499997884,0.0064147654999978845
Martjushev ADWIN J,Ostovar,Atomic_Frequency_output_Frequency,0.4,200,500,10,[499],"[999, 1999]",,,00:02:43,163.75894850000623,0.0546045176725596
Martjushev ADWIN J,Ceravolo,sudden_trace_noise10_1000_RIO,0.4,200,500,10,[],[499],,,00:00:08,8.904739799996605,0.008904739799996605
Martjushev ADWIN J,Ostovar,Nested_ORI_output_ORI_5,0.4,200,500,20,"[904, 1945]","[999, 1999]",1.0,74.5,00:07:42,462.0626962999813,0.15407225618538892
Martjushev ADWIN J,Ceravolo,sudden_trace_noise20_1000_IRO,0.4,200,500,10,[409],[499],1.0,90.0,00:00:09,9.157270999974571,0.00915727099997457
Martjushev ADWIN J,Ceravolo,sudden_trace_noise10_1000_rp,0.4,200,500,50,[],[499],,,00:00:05,5.433535699994536,0.005433535699994536
Martjushev ADWIN J,Ostovar,Atomic_ParallelMove_output_ParallelMove_2,0.4,200,500,20,[],"[999, 1999]",,,00:07:21,441.662768899987,0.147270012970986
Martjushev ADWIN J,Ostovar,Atomic_SerialRemoval_output_SerialRemoval_2,0.4,200,500,50,[949],"[999, 1999]",0.6666666666666666,50.0,00:04:33,273.807654299977,0.09129965131709804
Martjushev ADWIN J,Ostovar,Composite_OIR_output_OIR_5,0.4,200,500,10,"[759, 1940]","[999, 1999]",0.5,59.0,00:07:45,465.10203509998973,0.1550857069356418
Martjushev ADWIN J,Ostovar,Composite_ORI_output_ORI_2,0.4,200,500,50,[899],"[999, 1999]",0.6666666666666666,100.0,00:06:28,388.55978250000044,0.1295631152050685
Martjushev ADWIN J,Ostovar,Atomic_ParallelRemoval_output_ParallelRemoval_5,0.4,200,500,50,[1999],"[999, 1999]",0.6666666666666666,0.0,00:04:35,275.3765170999977,0.0918227799599859
Martjushev ADWIN J,Ceravolo,sudden_trace_noise5_1000_cp,0.4,200,500,20,[279],[499],,,00:00:05,5.457659099978628,0.005457659099978628
Martjushev ADWIN J,Ostovar,Composite_IOR_output_IOR,0.4,200,500,10,"[964, 1855]","[999, 1999]",1.0,89.5,00:04:40,280.0565215999959,0.09338330163387659
Martjushev ADWIN J,Ostovar,Atomic_Frequency_output_Frequency,0.4,200,500,20,[499],"[999, 1999]",,,00:02:03,123.53248840000015,0.04119122654218078
Martjushev ADWIN J,Ceravolo,sudden_trace_noise15_1000_rp,0.4,200,500,10,[],[499],,,00:00:09,9.604658299998846,0.009604658299998846
Martjushev ADWIN J,Ostovar,Composite_IOR_output_IOR_2,0.4,200,500,10,"[899, 1740]","[999, 1999]",0.5,100.0,00:05:46,346.52098539998406,0.11554551030342916
Martjushev ADWIN J,Ostovar,Nested_ROI_output_ROI_5,0.4,200,500,20,[849],"[999, 1999]",0.6666666666666666,150.0,00:05:52,352.3989546999801,0.117505486728903
Martjushev ADWIN J,Ostovar,Nested_IOR_output_IOR,0.4,200,500,10,"[936, 1965]","[999, 1999]",1.0,48.5,00:08:02,482.26639360000263,0.16080906755585284
Martjushev ADWIN J,Ceravolo,sudden_trace_noise10_1000_OIR,0.4,200,500,50,[449],[499],1.0,50.0,00:00:06,6.311934500001371,0.006311934500001371
Martjushev ADWIN J,Ostovar,Atomic_Frequency_output_Frequency_5,0.4,200,500,50,[],"[999, 1999]",,,00:02:15,135.09563239998533,0.04504689309769434
Martjushev ADWIN J,Ceravolo,sudden_trace_noise5_1000_cb,0.4,200,500,20,[419],[499],1.0,80.0,00:00:05,5.933183999994071,0.005933183999994071
Martjushev ADWIN J,Ceravolo,sudden_trace_noise5_1000_ROI,0.4,200,500,50,[399],[499],1.0,100.0,00:00:05,5.753916300018318,0.005753916300018318
Martjushev ADWIN J,Ostovar,Composite_ORI_output_ORI,0.4,200,500,50,"[849, 2200]","[999, 1999]",0.5,150.0,00:05:14,314.3192989999952,0.10480803567855793
Martjushev ADWIN J,Ceravolo,sudden_trace_noise0_1000_sw,0.4,200,500,50,[],[499],,,00:00:04,4.978162999992492,0.004978162999992492
Martjushev ADWIN J,Ostovar,Composite_IRO_output_IRO_2,0.4,200,500,20,"[971, 1915]","[999, 1999]",1.0,56.0,00:07:04,424.04211410001153,0.1413945028676264
Martjushev ADWIN J,Ceravolo,sudden_trace_noise15_1000_RIO,0.4,200,500,10,[],[499],,,00:00:08,8.612038899998879,0.00861203889999888
Martjushev ADWIN J,Ceravolo,sudden_trace_noise15_1000_sw,0.4,200,500,10,[],[499],,,00:00:08,8.575153999991016,0.008575153999991016
Martjushev ADWIN J,Ceravolo,sudden_trace_noise5_1000_pl,0.4,200,500,50,[],[499],,,00:00:04,4.7941915999981575,0.004794191599998158
Martjushev ADWIN J,Ostovar,Composite_IRO_output_IRO,0.4,200,500,50,"[949, 1943]","[999, 1999]",1.0,53.0,00:05:11,311.5026463000104,0.10386883837946329
Martjushev ADWIN J,Ceravolo,sudden_trace_noise0_1000_IOR,0.4,200,500,50,[],[499],,,00:00:05,5.385189099994022,0.005385189099994022
Martjushev ADWIN J,Ceravolo,sudden_trace_noise10_1000_IRO,0.4,200,500,50,"[399, 899]",[499],0.6666666666666666,100.0,00:00:06,6.089054899988696,0.006089054899988696
Martjushev ADWIN J,Ostovar,Composite_IOR_output_IOR,0.4,200,500,20,"[964, 1870]","[999, 1999]",1.0,82.0,00:03:44,224.95260169997346,0.075009203634536
Martjushev ADWIN J,Ostovar,Atomic_Substitute_output_Substitute_2,0.4,200,500,20,"[829, 1930]","[999, 1999]",1.0,119.5,00:06:09,369.799110699998,0.12330747272424074
Martjushev ADWIN J,Ostovar,Atomic_SerialRemoval_output_SerialRemoval_2,0.4,200,500,10,[909],"[999, 1999]",0.6666666666666666,90.0,00:07:18,438.9018938000081,0.1463494144048043
Martjushev ADWIN J,Ceravolo,sudden_trace_noise0_1000_RIO,0.4,200,500,20,[419],[499],1.0,80.0,00:00:06,6.1743993000127375,0.006174399300012737
Martjushev ADWIN J,Ceravolo,sudden_trace_noise20_1000_re,0.4,200,500,10,[319],[499],1.0,180.0,00:00:06,6.061975899996469,0.006061975899996469
Martjushev ADWIN J,Ostovar,Composite_ROI_output_ROI,0.4,200,500,20,"[934, 1955]","[999, 1999]",1.0,54.5,00:05:31,331.4020146999974,0.11050417295765168
Martjushev ADWIN J,Ceravolo,sudden_trace_noise15_1000_cb,0.4,200,500,50,[449],[499],1.0,50.0,00:00:05,5.088181499973871,0.005088181499973871
Martjushev ADWIN J,Ostovar,Atomic_ParallelMove_output_ParallelMove,0.4,200,500,50,[],"[999, 1999]",,,00:04:52,292.33686000001035,0.0974781127042382
Martjushev ADWIN J,Ostovar,Nested_OIR_output_OIR,0.4,200,500,50,"[899, 1975]","[999, 1999]",1.0,62.0,00:04:55,295.1222490000073,0.09840688529510079
Martjushev ADWIN J,Ceravolo,sudden_trace_noise20_1000_OIR,0.4,200,500,20,[479],[499],1.0,20.0,00:00:06,6.907579499995336,0.0069075794999953356
Martjushev ADWIN J,Ceravolo,sudden_trace_noise0_1000_cb,0.4,200,500,50,[449],[499],1.0,50.0,00:00:05,5.58072539998102,0.0055807253999810204
Martjushev ADWIN J,Ceravolo,sudden_trace_noise20_1000_cb,0.4,200,500,20,[439],[499],1.0,60.0,00:00:05,5.9882754999853205,0.005988275499985321
Martjushev ADWIN J,Ceravolo,sudden_trace_noise0_1000_pm,0.4,200,500,20,[399],[499],1.0,100.0,00:00:05,5.913200100010727,0.005913200100010727
Martjushev ADWIN J,Ostovar,Atomic_Substitute_output_Substitute_2,0.4,200,500,50,"[849, 1950]","[999, 1999]",1.0,99.5,00:05:13,313.77830269999686,0.10462764344781489
Martjushev ADWIN J,Ceravolo,sudden_trace_noise15_1000_cf,0.4,200,500,20,[339],[499],1.0,160.0,00:00:05,5.248422000004211,0.005248422000004211
Martjushev ADWIN J,Ceravolo,sudden_trace_noise20_1000_rp,0.4,200,500,20,[],[499],,,00:00:06,6.969061600015266,0.006969061600015266
Martjushev ADWIN J,Ostovar,Composite_OIR_output_OIR,0.4,200,500,50,"[949, 1975]","[999, 1999]",1.0,37.0,00:04:29,269.0781711000018,0.0897226312437485
Martjushev ADWIN J,Ceravolo,sudden_trace_noise0_1000_cb,0.4,200,500,20,[419],[499],1.0,80.0,00:00:06,6.0232276000024285,0.006023227600002429
Martjushev ADWIN J,Ceravolo,sudden_trace_noise5_1000_RIO,0.4,200,500,20,[],[499],,,00:00:06,6.360791499988409,0.0063607914999884085
Martjushev ADWIN J,Ceravolo,sudden_trace_noise20_1000_ROI,0.4,200,500,50,[399],[499],1.0,100.0,00:00:05,5.617919499985874,0.005617919499985874
Martjushev ADWIN J,Ostovar,Atomic_Skip_output_Skip_2,0.4,200,500,50,[899],"[999, 1999]",0.6666666666666666,100.0,00:04:46,286.9818182000017,0.09569250356785652
Martjushev ADWIN J,Ceravolo,sudden_trace_noise0_1000_cf,0.4,200,500,10,[319],[499],1.0,180.0,00:00:06,6.603253100009169,0.006603253100009169
Martjushev ADWIN J,Ceravolo,sudden_trace_noise15_1000_pm,0.4,200,500,10,[419],[499],1.0,80.0,00:00:07,7.5865195999795105,0.00758651959997951
Martjushev ADWIN J,Ceravolo,sudden_trace_noise0_1000_pl,0.4,200,500,10,[],[499],,,00:00:08,8.739164900005562,0.008739164900005562
Martjushev ADWIN J,Ceravolo,sudden_trace_noise10_1000_cb,0.4,200,500,50,[449],[499],1.0,50.0,00:00:05,5.548851600004127,0.005548851600004128
Martjushev ADWIN J,Ostovar,Atomic_ParallelRemoval_output_ParallelRemoval,0.4,200,500,50,"[899, 1975]","[999, 1999]",1.0,62.0,00:03:35,215.30999850001535,0.07179393081027521
Martjushev ADWIN J,Ostovar,Atomic_ConditionalRemoval_output_ConditionalRemoval_5,0.4,200,500,20,[889],"[999, 1999]",0.6666666666666666,110.0,00:05:29,329.9520259000128,0.11002068219406896
Martjushev ADWIN J,Ceravolo,sudden_trace_noise10_1000_lp,0.4,200,500,10,[369],[499],1.0,130.0,00:00:07,7.694081699999515,0.007694081699999515
Martjushev ADWIN J,Ostovar,Nested_ROI_output_ROI_2,0.4,200,500,20,[889],"[999, 1999]",0.6666666666666666,110.0,00:05:56,356.8585632999893,0.11899251860619851
Martjushev ADWIN J,Ostovar,Composite_RIO_output_RIO,0.4,200,500,20,"[904, 1915]","[999, 1999]",1.0,89.5,00:05:18,318.2229515000072,0.10610968706235652
Martjushev ADWIN J,Ceravolo,sudden_trace_noise15_1000_sw,0.4,200,500,50,[],[499],,,00:00:04,4.594227900000988,0.004594227900000988
Martjushev ADWIN J,Ostovar,Atomic_Swap_output_Swap,0.4,200,500,20,[],"[999, 1999]",,,00:04:35,275.3043304999883,0.09179870973657495
Martjushev ADWIN J,Ostovar,Composite_ROI_output_ROI_5,0.4,200,500,20,"[789, 1910]","[999, 1999]",0.5,89.0,00:06:44,404.55619679999654,0.1348970312770912
Martjushev ADWIN J,Ostovar,Nested_IOR_output_IOR_5,0.4,200,500,10,"[869, 1930]","[999, 1999]",1.0,99.5,00:10:17,617.7742291000031,0.2059934075025019
Martjushev ADWIN J,Ostovar,Atomic_Skip_output_Skip,0.4,200,500,20,"[964, 1870]","[999, 1999]",1.0,82.0,00:04:33,273.5648792000138,0.0912186992997712
Martjushev ADWIN J,Ceravolo,sudden_trace_noise20_1000_OIR,0.4,200,500,50,[349],[499],1.0,150.0,00:00:05,5.80330200001481,0.00580330200001481
Martjushev ADWIN J,Ceravolo,sudden_trace_noise5_1000_cf,0.4,200,500,10,[319],[499],1.0,180.0,00:00:06,6.253234700008761,0.006253234700008761
Martjushev ADWIN J,Ceravolo,sudden_trace_noise10_1000_ROI,0.4,200,500,20,[359],[499],1.0,140.0,00:00:06,6.2222308999917,0.0062222308999917006
Martjushev ADWIN J,Ostovar,Composite_RIO_output_RIO,0.4,200,500,50,"[949, 1943]","[999, 1999]",1.0,53.0,00:05:00,300.58637750000344,0.10022886878959768
Martjushev ADWIN J,Ceravolo,sudden_trace_noise5_1000_pm,0.4,200,500,10,[429],[499],1.0,70.0,00:00:07,7.911865499976557,0.007911865499976557
Martjushev ADWIN J,Ostovar,Nested_OIR_output_OIR_5,0.4,200,500,20,[889],"[999, 1999]",0.6666666666666666,110.0,00:07:19,439.163358699996,0.14643659843280962
Martjushev ADWIN J,Ceravolo,sudden_trace_noise5_1000_cp,0.4,200,500,10,[279],[499],,,00:00:05,5.886757299973397,0.005886757299973396
Martjushev ADWIN J,Ceravolo,sudden_trace_noise20_1000_cp,0.4,200,500,20,[319],[499],1.0,180.0,00:00:05,5.150773000001209,0.005150773000001209
Martjushev ADWIN J,Ceravolo,sudden_trace_noise10_1000_pm,0.4,200,500,10,[],[499],,,00:00:08,8.642285599984461,0.008642285599984461
Martjushev ADWIN J,Ostovar,Atomic_Substitute_output_Substitute_2,0.4,200,500,10,"[829, 1920]","[999, 1999]",1.0,124.5,00:07:45,465.7449058999773,0.15530006865621118
Martjushev ADWIN J,Ostovar,Nested_OIR_output_OIR_5,0.4,200,500,10,[879],"[999, 1999]",0.6666666666666666,120.0,00:09:16,556.7437901000085,0.18564314441480775
Martjushev ADWIN J,Ostovar,Nested_IRO_output_IRO,0.4,200,500,50,"[949, 1887]","[999, 1999]",1.0,81.0,00:07:40,460.1318795999978,0.15342843601200326
Martjushev ADWIN J,Ceravolo,sudden_trace_noise20_1000_sw,0.4,200,500,10,[],[499],,,00:00:08,8.753450399992289,0.008753450399992289
Martjushev ADWIN J,Ostovar,Atomic_ParallelRemoval_output_ParallelRemoval,0.4,200,500,20,"[869, 1930]","[999, 1999]",1.0,99.5,00:04:18,258.58463129997835,0.08622361830609482
Martjushev ADWIN J,Ceravolo,sudden_trace_noise5_1000_OIR,0.4,200,500,20,[449],[499],1.0,50.0,00:00:07,7.308588399988366,0.007308588399988367
Martjushev ADWIN J,Ostovar,Atomic_ParallelMove_output_ParallelMove_5,0.4,200,500,10,[],"[999, 1999]",,,00:09:52,592.3022188000032,0.19749990623541286
Martjushev ADWIN J,Ostovar,Composite_ORI_output_ORI_5,0.4,200,500,50,[899],"[999, 1999]",0.6666666666666666,100.0,00:06:40,400.9098573999945,0.13368117952650702
Martjushev ADWIN J,Ostovar,Atomic_ConditionalRemoval_output_ConditionalRemoval_5,0.4,200,500,10,[889],"[999, 1999]",0.6666666666666666,110.0,00:07:16,436.5730814000126,0.1455728847615914
Martjushev ADWIN J,Ceravolo,sudden_trace_noise15_1000_cd,0.4,200,500,10,[],[499],,,00:00:08,8.830666399997426,0.008830666399997427
Martjushev ADWIN J,Ceravolo,sudden_trace_noise15_1000_RIO,0.4,200,500,20,[],[499],,,00:00:06,6.393893400003435,0.006393893400003435
Martjushev ADWIN J,Ostovar,Nested_OIR_output_OIR,0.4,200,500,20,"[889, 1970]","[999, 1999]",1.0,69.5,00:05:40,340.06501080002636,0.11339280120040893
Martjushev ADWIN J,Ceravolo,sudden_trace_noise15_1000_RIO,0.4,200,500,50,[],[499],,,00:00:04,4.968558199994732,0.004968558199994731
Martjushev ADWIN J,Ceravolo,sudden_trace_noise0_1000_lp,0.4,200,500,20,[339],[499],1.0,160.0,00:00:06,6.025439099990763,0.006025439099990763
Martjushev ADWIN J,Ceravolo,sudden_trace_noise20_1000_cp,0.4,200,500,50,[349],[499],1.0,150.0,00:00:04,4.83696789998794,0.004836967899987939
Martjushev ADWIN J,Ceravolo,sudden_trace_noise5_1000_OIR,0.4,200,500,10,[434],[499],1.0,65.0,00:00:07,7.927468800015049,0.007927468800015049
Martjushev ADWIN J,Ceravolo,sudden_trace_noise20_1000_IRO,0.4,200,500,50,[449],[499],1.0,50.0,00:00:06,6.234360300004482,0.006234360300004483
Martjushev ADWIN J,Ceravolo,sudden_trace_noise0_1000_IOR,0.4,200,500,20,[],[499],,,00:00:08,8.472351200005505,0.008472351200005505
Martjushev ADWIN J,Ceravolo,sudden_trace_noise20_1000_cp,0.4,200,500,10,[309],[499],1.0,190.0,00:00:06,6.995661799999652,0.006995661799999653
Martjushev ADWIN J,Ostovar,Atomic_ParallelMove_output_ParallelMove,0.4,200,500,20,[],"[999, 1999]",,,00:05:55,355.31351169999107,0.11847732967655587
Martjushev ADWIN J,Ceravolo,sudden_trace_noise10_1000_cp,0.4,200,500,20,[449],[499],1.0,50.0,00:00:05,5.72782610001741,0.005727826100017409
Martjushev ADWIN J,Ostovar,Atomic_ParallelToSequence_output_ParallelToSequence,0.4,200,500,10,[],"[999, 1999]",,,00:06:53,413.51258900001994,0.13788349083028342
Martjushev ADWIN J,Ceravolo,sudden_trace_noise10_1000_re,0.4,200,500,10,[464],[499],1.0,35.0,00:00:06,6.6768439000006765,0.006676843900000676
Martjushev ADWIN J,Ceravolo,sudden_trace_noise20_1000_RIO,0.4,200,500,10,[],[499],,,00:00:08,8.73779229997308,0.00873779229997308
Martjushev ADWIN J,Ostovar,Nested_RIO_output_RIO_5,0.4,200,500,20,"[994, 1880]","[999, 1999]",1.0,62.0,00:08:16,496.13091819998226,0.1654321167722515
Martjushev ADWIN J,Ostovar,Nested_ORI_output_ORI,0.4,200,500,20,"[937, 1915]","[999, 1999]",1.0,73.0,00:06:10,370.8600184999814,0.12366122657551896
Martjushev ADWIN J,Ostovar,Nested_RIO_output_RIO_2,0.4,200,500,50,"[849, 1875]","[999, 1999]",1.0,137.0,00:06:58,418.7469074999972,0.1396288454484819
Martjushev ADWIN J,Ostovar,Atomic_ConditionalRemoval_output_ConditionalRemoval_5,0.4,200,500,50,[899],"[999, 1999]",0.6666666666666666,100.0,00:04:32,272.25235530000646,0.09078104544848498
Martjushev ADWIN J,Ostovar,Atomic_Swap_output_Swap_5,0.4,200,500,50,[],"[999, 1999]",,,00:04:41,281.57998229999794,0.093891291197065
Martjushev ADWIN J,Ceravolo,sudden_trace_noise0_1000_rp,0.4,200,500,10,[],[499],,,00:00:09,9.755010099994252,0.009755010099994252
Martjushev ADWIN J,Ceravolo,sudden_trace_noise5_1000_re,0.4,200,500,50,[449],[499],1.0,50.0,00:00:04,4.778240999992704,0.004778240999992704
Martjushev ADWIN J,Ostovar,Atomic_ConditionalToSequence_output_ConditionalToSequence_2,0.4,200,500,10,"[949, 1850]","[999, 1999]",1.0,99.5,00:07:13,433.35466300000553,0.14449972090697083
Martjushev ADWIN J,Ostovar,Composite_ROI_output_ROI_5,0.4,200,500,10,"[779, 1890]","[999, 1999]",0.5,109.0,00:07:41,461.0364768000145,0.1537300689563236
Martjushev ADWIN J,Ostovar,Composite_ROI_output_ROI_2,0.4,200,500,50,"[899, 1800]","[999, 1999]",1.0,149.5,00:05:43,343.8753301999823,0.1146633311770531
Martjushev ADWIN J,Ceravolo,sudden_trace_noise5_1000_pm,0.4,200,500,50,[449],[499],1.0,50.0,00:00:05,5.111125199997332,0.005111125199997332
Martjushev ADWIN J,Ceravolo,sudden_trace_noise10_1000_cb,0.4,200,500,10,[409],[499],1.0,90.0,00:00:07,7.958155400003307,0.007958155400003306
Martjushev ADWIN J,Ceravolo,sudden_trace_noise0_1000_sw,0.4,200,500,20,[],[499],,,00:00:06,6.102420400013216,0.006102420400013216
Martjushev ADWIN J,Ceravolo,sudden_trace_noise20_1000_sw,0.4,200,500,20,[],[499],,,00:00:06,6.2217991999932565,0.006221799199993256
Martjushev ADWIN J,Ceravolo,sudden_trace_noise20_1000_cb,0.4,200,500,50,[449],[499],1.0,50.0,00:00:04,4.885777999996208,0.004885777999996207
Martjushev ADWIN J,Ceravolo,sudden_trace_noise5_1000_IRO,0.4,200,500,50,"[399, 899]",[499],0.6666666666666666,100.0,00:00:06,6.3139764000079595,0.00631397640000796
Martjushev ADWIN J,Ceravolo,sudden_trace_noise0_1000_ROI,0.4,200,500,50,[349],[499],1.0,150.0,00:00:05,5.365088999998989,0.005365088999998989
Martjushev ADWIN J,Ceravolo,sudden_trace_noise5_1000_pm,0.4,200,500,20,[439],[499],1.0,60.0,00:00:06,6.391907100012759,0.006391907100012759
Martjushev ADWIN J,Ceravolo,sudden_trace_noise10_1000_rp,0.4,200,500,20,[],[499],,,00:00:07,7.249830499989912,0.007249830499989912
Martjushev ADWIN J,Ostovar,Composite_OIR_output_OIR_2,0.4,200,500,50,"[949, 1975]","[999, 1999]",1.0,37.0,00:05:32,332.7315531000204,0.11094750020007349
Martjushev ADWIN J,Ceravolo,sudden_trace_noise5_1000_cd,0.4,200,500,10,[],[499],,,00:00:08,8.705455199989956,0.008705455199989956
Martjushev ADWIN J,Ostovar,Atomic_SerialMove_output_SerialMove_2,0.4,200,500,10,[],"[999, 1999]",,,00:07:36,456.9628937999951,0.15237175518506005
Martjushev ADWIN J,Ostovar,Atomic_ConditionalMove_output_ConditionalMove,0.4,200,500,20,"[971, 1915]","[999, 1999]",1.0,56.0,00:05:40,340.7725269999937,0.11362871857285553
Martjushev ADWIN J,Ostovar,Nested_IRO_output_IRO_5,0.4,200,500,10,"[904, 1520]","[999, 1999]",0.5,95.0,00:08:40,520.0034966999956,0.17339229633210923
Martjushev ADWIN J,Ceravolo,sudden_trace_noise10_1000_re,0.4,200,500,20,[319],[499],1.0,180.0,00:00:05,5.172888299974147,0.005172888299974148
Martjushev ADWIN J,Ceravolo,sudden_trace_noise10_1000_sw,0.4,200,500,10,[],[499],,,00:00:09,9.258474099973682,0.009258474099973683
Martjushev ADWIN J,Ostovar,Atomic_Frequency_output_Frequency_5,0.4,200,500,20,[],"[999, 1999]",,,00:03:02,182.67845480001415,0.06091312264088501
Martjushev ADWIN J,Ostovar,Atomic_SerialRemoval_output_SerialRemoval,0.4,200,500,20,"[829, 1910]","[999, 1999]",1.0,129.5,00:04:14,254.24248290000833,0.08477575288429755
Martjushev ADWIN J,Ceravolo,sudden_trace_noise5_1000_cd,0.4,200,500,20,[],[499],,,00:00:06,6.820272100012517,0.006820272100012517
Martjushev ADWIN J,Ceravolo,sudden_trace_noise5_1000_pl,0.4,200,500,20,[],[499],,,00:00:06,6.781851900013862,0.006781851900013862
Martjushev ADWIN J,Ostovar,Atomic_Loop_output_Loop_2,0.4,200,500,10,"[964, 1870]","[999, 1999]",1.0,82.0,00:05:24,324.6394294000056,0.10824922620873811
Martjushev ADWIN J,Ostovar,Atomic_ConditionalRemoval_output_ConditionalRemoval,0.4,200,500,20,"[889, 1780]","[999, 1999]",0.5,110.0,00:04:07,247.116537599999,0.08239964574858252
Martjushev ADWIN J,Ceravolo,sudden_trace_noise5_1000_ROI,0.4,200,500,10,[359],[499],1.0,140.0,00:00:07,7.637272599997232,0.007637272599997232
Martjushev ADWIN J,Ostovar,Atomic_ConditionalRemoval_output_ConditionalRemoval,0.4,200,500,50,"[899, 1800]","[999, 1999]",1.0,149.5,00:03:17,197.0696266000159,0.06571177945982525
Martjushev ADWIN J,Ceravolo,sudden_trace_noise15_1000_IOR,0.4,200,500,20,[],[499],,,00:00:06,6.977041700010886,0.006977041700010887
Martjushev ADWIN J,Ostovar,Atomic_Skip_output_Skip,0.4,200,500,10,"[964, 1870]","[999, 1999]",1.0,82.0,00:04:18,258.1962377000018,0.08609411060353511
Martjushev ADWIN J,Ostovar,Composite_IRO_output_IRO_5,0.4,200,500,20,"[971, 1915]","[999, 1999]",1.0,56.0,00:04:57,297.91545070000575,0.09933826298766447
Martjushev ADWIN J,Ceravolo,sudden_trace_noise20_1000_sw,0.4,200,500,50,[],[499],,,00:00:04,4.568219000007957,0.004568219000007957
Martjushev ADWIN J,Ceravolo,sudden_trace_noise15_1000_IOR,0.4,200,500,50,[],[499],,,00:00:05,5.381437499978347,0.005381437499978347
Martjushev ADWIN J,Ostovar,Atomic_ConditionalToSequence_output_ConditionalToSequence_2,0.4,200,500,20,"[964, 1870]","[999, 1999]",1.0,82.0,00:03:44,224.00205640000058,0.07469224954985014
